{
  "_data_files": [
    {
      "filename": "data-00000-of-00110.arrow"
    },
    {
      "filename": "data-00001-of-00110.arrow"
    },
    {
      "filename": "data-00002-of-00110.arrow"
    },
    {
      "filename": "data-00003-of-00110.arrow"
    },
    {
      "filename": "data-00004-of-00110.arrow"
    },
    {
      "filename": "data-00005-of-00110.arrow"
    },
    {
      "filename": "data-00006-of-00110.arrow"
    },
    {
      "filename": "data-00007-of-00110.arrow"
    },
    {
      "filename": "data-00008-of-00110.arrow"
    },
    {
      "filename": "data-00009-of-00110.arrow"
    },
    {
      "filename": "data-00010-of-00110.arrow"
    },
    {
      "filename": "data-00011-of-00110.arrow"
    },
    {
      "filename": "data-00012-of-00110.arrow"
    },
    {
      "filename": "data-00013-of-00110.arrow"
    },
    {
      "filename": "data-00014-of-00110.arrow"
    },
    {
      "filename": "data-00015-of-00110.arrow"
    },
    {
      "filename": "data-00016-of-00110.arrow"
    },
    {
      "filename": "data-00017-of-00110.arrow"
    },
    {
      "filename": "data-00018-of-00110.arrow"
    },
    {
      "filename": "data-00019-of-00110.arrow"
    },
    {
      "filename": "data-00020-of-00110.arrow"
    },
    {
      "filename": "data-00021-of-00110.arrow"
    },
    {
      "filename": "data-00022-of-00110.arrow"
    },
    {
      "filename": "data-00023-of-00110.arrow"
    },
    {
      "filename": "data-00024-of-00110.arrow"
    },
    {
      "filename": "data-00025-of-00110.arrow"
    },
    {
      "filename": "data-00026-of-00110.arrow"
    },
    {
      "filename": "data-00027-of-00110.arrow"
    },
    {
      "filename": "data-00028-of-00110.arrow"
    },
    {
      "filename": "data-00029-of-00110.arrow"
    },
    {
      "filename": "data-00030-of-00110.arrow"
    },
    {
      "filename": "data-00031-of-00110.arrow"
    },
    {
      "filename": "data-00032-of-00110.arrow"
    },
    {
      "filename": "data-00033-of-00110.arrow"
    },
    {
      "filename": "data-00034-of-00110.arrow"
    },
    {
      "filename": "data-00035-of-00110.arrow"
    },
    {
      "filename": "data-00036-of-00110.arrow"
    },
    {
      "filename": "data-00037-of-00110.arrow"
    },
    {
      "filename": "data-00038-of-00110.arrow"
    },
    {
      "filename": "data-00039-of-00110.arrow"
    },
    {
      "filename": "data-00040-of-00110.arrow"
    },
    {
      "filename": "data-00041-of-00110.arrow"
    },
    {
      "filename": "data-00042-of-00110.arrow"
    },
    {
      "filename": "data-00043-of-00110.arrow"
    },
    {
      "filename": "data-00044-of-00110.arrow"
    },
    {
      "filename": "data-00045-of-00110.arrow"
    },
    {
      "filename": "data-00046-of-00110.arrow"
    },
    {
      "filename": "data-00047-of-00110.arrow"
    },
    {
      "filename": "data-00048-of-00110.arrow"
    },
    {
      "filename": "data-00049-of-00110.arrow"
    },
    {
      "filename": "data-00050-of-00110.arrow"
    },
    {
      "filename": "data-00051-of-00110.arrow"
    },
    {
      "filename": "data-00052-of-00110.arrow"
    },
    {
      "filename": "data-00053-of-00110.arrow"
    },
    {
      "filename": "data-00054-of-00110.arrow"
    },
    {
      "filename": "data-00055-of-00110.arrow"
    },
    {
      "filename": "data-00056-of-00110.arrow"
    },
    {
      "filename": "data-00057-of-00110.arrow"
    },
    {
      "filename": "data-00058-of-00110.arrow"
    },
    {
      "filename": "data-00059-of-00110.arrow"
    },
    {
      "filename": "data-00060-of-00110.arrow"
    },
    {
      "filename": "data-00061-of-00110.arrow"
    },
    {
      "filename": "data-00062-of-00110.arrow"
    },
    {
      "filename": "data-00063-of-00110.arrow"
    },
    {
      "filename": "data-00064-of-00110.arrow"
    },
    {
      "filename": "data-00065-of-00110.arrow"
    },
    {
      "filename": "data-00066-of-00110.arrow"
    },
    {
      "filename": "data-00067-of-00110.arrow"
    },
    {
      "filename": "data-00068-of-00110.arrow"
    },
    {
      "filename": "data-00069-of-00110.arrow"
    },
    {
      "filename": "data-00070-of-00110.arrow"
    },
    {
      "filename": "data-00071-of-00110.arrow"
    },
    {
      "filename": "data-00072-of-00110.arrow"
    },
    {
      "filename": "data-00073-of-00110.arrow"
    },
    {
      "filename": "data-00074-of-00110.arrow"
    },
    {
      "filename": "data-00075-of-00110.arrow"
    },
    {
      "filename": "data-00076-of-00110.arrow"
    },
    {
      "filename": "data-00077-of-00110.arrow"
    },
    {
      "filename": "data-00078-of-00110.arrow"
    },
    {
      "filename": "data-00079-of-00110.arrow"
    },
    {
      "filename": "data-00080-of-00110.arrow"
    },
    {
      "filename": "data-00081-of-00110.arrow"
    },
    {
      "filename": "data-00082-of-00110.arrow"
    },
    {
      "filename": "data-00083-of-00110.arrow"
    },
    {
      "filename": "data-00084-of-00110.arrow"
    },
    {
      "filename": "data-00085-of-00110.arrow"
    },
    {
      "filename": "data-00086-of-00110.arrow"
    },
    {
      "filename": "data-00087-of-00110.arrow"
    },
    {
      "filename": "data-00088-of-00110.arrow"
    },
    {
      "filename": "data-00089-of-00110.arrow"
    },
    {
      "filename": "data-00090-of-00110.arrow"
    },
    {
      "filename": "data-00091-of-00110.arrow"
    },
    {
      "filename": "data-00092-of-00110.arrow"
    },
    {
      "filename": "data-00093-of-00110.arrow"
    },
    {
      "filename": "data-00094-of-00110.arrow"
    },
    {
      "filename": "data-00095-of-00110.arrow"
    },
    {
      "filename": "data-00096-of-00110.arrow"
    },
    {
      "filename": "data-00097-of-00110.arrow"
    },
    {
      "filename": "data-00098-of-00110.arrow"
    },
    {
      "filename": "data-00099-of-00110.arrow"
    },
    {
      "filename": "data-00100-of-00110.arrow"
    },
    {
      "filename": "data-00101-of-00110.arrow"
    },
    {
      "filename": "data-00102-of-00110.arrow"
    },
    {
      "filename": "data-00103-of-00110.arrow"
    },
    {
      "filename": "data-00104-of-00110.arrow"
    },
    {
      "filename": "data-00105-of-00110.arrow"
    },
    {
      "filename": "data-00106-of-00110.arrow"
    },
    {
      "filename": "data-00107-of-00110.arrow"
    },
    {
      "filename": "data-00108-of-00110.arrow"
    },
    {
      "filename": "data-00109-of-00110.arrow"
    }
  ],
  "_fingerprint": "e14f69541b27976a",
  "_format_columns": null,
  "_format_kwargs": {},
  "_format_type": null,
  "_output_all_columns": false,
  "_split": null
}